{"stats":{"minecraft:used":{"minecraft:bedrock":34,"minecraft:end_rod":3,"exnihilosequentia:oak_barrel":2,"minecraft:oak_sign":1,"minecraft:campfire":4,"minecraft:end_portal_frame":12,"minecraft:stone":60,"ironchest:crystal_chest":1},"minecraft:dropped":{"mekanism:basic_energy_cube":2,"tconstruct:small_axe_head_cast":1,"minecraft:apple":2,"mekanism:basic_fluid_tank":1,"tconstruct:hand_axe":2,"ftbquests:book":1,"mekanism:basic_universal_cable":10,"minecraft:oak_sign":1,"exnihilosequentia:oak_barrel":3},"minecraft:picked_up":{"minecraft:dirt":1},"minecraft:custom":{"minecraft:open_chest":18,"minecraft:time_since_rest":287387,"minecraft:crouch_one_cm":6709,"minecraft:sprint_one_cm":3824,"minecraft:play_time":287387,"minecraft:walk_one_cm":13587,"minecraft:sneak_time":1638,"minecraft:drop":23,"minecraft:jump":71,"minecraft:leave_game":6,"minecraft:time_since_death":287387,"minecraft:total_world_time":290151,"minecraft:fall_one_cm":209,"minecraft:fly_one_cm":47345}},"DataVersion":2975}