{
  "tconstruct:tools/materials_and_you": {
    "criteria": {
      "crafted_book": "2023-01-15 20:05:43 +0800"
    },
    "done": true
  },
  "tconstruct:internal/starting_book": {
    "criteria": {
      "tick": "2023-01-15 20:05:43 +0800"
    },
    "done": true
  },
  "tinkersurvival:root": {
    "criteria": {
      "always_true": "2023-01-15 20:05:43 +0800"
    },
    "done": true
  },
  "exmachinis:root": {
    "criteria": {
      "tick": "2023-01-15 20:05:43 +0800"
    },
    "done": true
  },
  "DataVersion": 2975
}