{
  "exnihilosequentia:recipes/exnihilosequentia/ens_beehive_frame": {
    "criteria": {
      "has_stick": "2023-01-15 11:56:41 +0800"
    },
    "done": true
  },
  "exnihilosequentia:recipes/exnihilosequentia/ens_oak_barrel": {
    "criteria": {
      "has_walls": "2023-01-15 11:56:41 +0800"
    },
    "done": true
  },
  "minecraft:recipes/redstone/oak_fence_gate": {
    "criteria": {
      "has_planks": "2023-01-15 11:56:41 +0800"
    },
    "done": true
  },
  "minecraft:recipes/tools/wooden_axe": {
    "criteria": {
      "has_stick": "2023-01-15 11:56:41 +0800"
    },
    "done": true
  },
  "minecraft:recipes/building_blocks/stone_stairs_from_stone_stonecutting": {
    "criteria": {
      "has_stone": "2023-01-15 11:57:01 +0800"
    },
    "done": true
  },
  "minecraft:recipes/redstone/oak_button": {
    "criteria": {
      "has_planks": "2023-01-15 11:56:41 +0800"
    },
    "done": true
  },
  "minecraft:recipes/building_blocks/stone_bricks": {
    "criteria": {
      "has_stone": "2023-01-15 11:57:01 +0800"
    },
    "done": true
  },
  "minecraft:recipes/building_blocks/stone_bricks_from_stone_stonecutting": {
    "criteria": {
      "has_stone": "2023-01-15 11:57:01 +0800"
    },
    "done": true
  },
  "tconstruct:tools/materials_and_you": {
    "criteria": {
      "crafted_book": "2023-01-15 11:56:09 +0800"
    },
    "done": true
  },
  "tconstruct:internal/starting_book": {
    "criteria": {
      "tick": "2023-01-15 11:56:09 +0800"
    },
    "done": true
  },
  "minecraft:recipes/food/cooked_salmon_from_smoking": {
    "criteria": {
      "has_salmon": "2023-01-15 11:56:39 +0800"
    },
    "done": true
  },
  "minecraft:recipes/decorations/stonecutter": {
    "criteria": {
      "has_stone": "2023-01-15 11:57:01 +0800"
    },
    "done": true
  },
  "minecraft:recipes/decorations/crafting_table": {
    "criteria": {
      "has_planks": "2023-01-15 11:56:41 +0800"
    },
    "done": true
  },
  "minecraft:recipes/decorations/campfire": {
    "criteria": {
      "has_stick": "2023-01-15 11:56:41 +0800"
    },
    "done": true
  },
  "minecraft:recipes/misc/charcoal": {
    "criteria": {
      "has_log": "2023-01-15 11:56:41 +0800"
    },
    "done": true
  },
  "minecraft:recipes/building_blocks/spruce_planks": {
    "criteria": {
      "has_logs": "2023-01-15 11:56:41 +0800"
    },
    "done": true
  },
  "minecraft:recipes/tools/wooden_pickaxe": {
    "criteria": {
      "has_stick": "2023-01-15 11:56:41 +0800"
    },
    "done": true
  },
  "minecraft:recipes/building_blocks/smooth_stone": {
    "criteria": {
      "has_stone": "2023-01-15 11:57:01 +0800"
    },
    "done": true
  },
  "minecraft:recipes/decorations/ladder": {
    "criteria": {
      "has_stick": "2023-01-15 11:56:41 +0800"
    },
    "done": true
  },
  "minecraft:recipes/decorations/chest": {
    "criteria": {
      "has_lots_of_items": "2023-01-15 11:58:41 +0800"
    },
    "done": true
  },
  "exnihilosequentia:recipes/exnihilosequentia/ens_stone_barrel": {
    "criteria": {
      "has_walls": "2023-01-15 11:57:01 +0800"
    },
    "done": true
  },
  "minecraft:recipes/building_blocks/stone_slab_from_stone_stonecutting": {
    "criteria": {
      "has_stone": "2023-01-15 11:57:01 +0800"
    },
    "done": true
  },
  "minecraft:recipes/building_blocks/chiseled_stone_bricks_stone_from_stonecutting": {
    "criteria": {
      "has_stone": "2023-01-15 11:57:01 +0800"
    },
    "done": true
  },
  "minecraft:recipes/building_blocks/oak_stairs": {
    "criteria": {
      "has_planks": "2023-01-15 11:56:41 +0800"
    },
    "done": true
  },
  "minecraft:recipes/decorations/barrel": {
    "criteria": {
      "has_planks": "2023-01-15 11:56:41 +0800"
    },
    "done": true
  },
  "minecraft:recipes/tools/wooden_shovel": {
    "criteria": {
      "has_stick": "2023-01-15 11:56:41 +0800"
    },
    "done": true
  },
  "ironchest:recipes/ironchest/chests/vanilla_dirt_chest": {
    "criteria": {
      "has_iron_ingot": "2023-01-15 15:25:10 +0800"
    },
    "done": true
  },
  "minecraft:recipes/redstone/oak_door": {
    "criteria": {
      "has_planks": "2023-01-15 11:56:41 +0800"
    },
    "done": true
  },
  "exnihilosequentia:recipes/exnihilosequentia/ens_iron_hammer": {
    "criteria": {
      "has_stick": "2023-01-15 11:56:41 +0800"
    },
    "done": true
  },
  "minecraft:recipes/misc/stick": {
    "criteria": {
      "has_planks": "2023-01-15 11:56:41 +0800"
    },
    "done": true
  },
  "minecraft:recipes/building_blocks/stone_slab": {
    "criteria": {
      "has_stone": "2023-01-15 11:57:01 +0800"
    },
    "done": true
  },
  "tinkersurvival:root": {
    "criteria": {
      "always_true": "2023-01-15 11:56:09 +0800"
    },
    "done": true
  },
  "minecraft:recipes/building_blocks/spruce_wood": {
    "criteria": {
      "has_log": "2023-01-15 11:56:41 +0800"
    },
    "done": true
  },
  "minecraft:recipes/redstone/stone_pressure_plate": {
    "criteria": {
      "has_stone": "2023-01-15 11:57:01 +0800"
    },
    "done": true
  },
  "minecraft:recipes/building_blocks/stone_brick_slab_from_stone_stonecutting": {
    "criteria": {
      "has_stone": "2023-01-15 11:57:01 +0800"
    },
    "done": true
  },
  "minecraft:recipes/food/cooked_salmon_from_campfire_cooking": {
    "criteria": {
      "has_salmon": "2023-01-15 11:56:39 +0800"
    },
    "done": true
  },
  "minecraft:recipes/decorations/stone_brick_walls_from_stone_stonecutting": {
    "criteria": {
      "has_stone": "2023-01-15 11:57:01 +0800"
    },
    "done": true
  },
  "minecraft:recipes/combat/wooden_sword": {
    "criteria": {
      "has_stick": "2023-01-15 11:56:41 +0800"
    },
    "done": true
  },
  "tinkersurvival:sticks_and_stones": {
    "criteria": {
      "has_stick": "2023-01-15 11:56:41 +0800"
    },
    "done": false
  },
  "tconstruct:recipes/tconstruct/general/tables/pattern": {
    "criteria": {
      "has_item": "2023-01-15 11:56:41 +0800"
    },
    "done": true
  },
  "minecraft:recipes/building_blocks/stone_brick_stairs_from_stone_stonecutting": {
    "criteria": {
      "has_stone": "2023-01-15 11:57:01 +0800"
    },
    "done": true
  },
  "exnihilosequentia:recipes/exnihilosequentia/ens_oak_sieve": {
    "criteria": {
      "has_plank": "2023-01-15 11:56:41 +0800"
    },
    "done": true
  },
  "tconstruct:smeltery/cast_collector": {
    "criteria": {
      "pick_head": "2023-01-15 12:06:30 +0800",
      "small_axe_head": "2023-01-15 12:06:32 +0800"
    },
    "done": false
  },
  "exmachinis:root": {
    "criteria": {
      "tick": "2023-01-15 11:56:09 +0800"
    },
    "done": true
  },
  "tconstruct:tools/tinker_tool": {
    "criteria": {
      "crafted_tool": "2023-01-15 11:56:41 +0800"
    },
    "done": true
  },
  "exnihilosequentia:recipes/exnihilosequentia/ens_golden_hammer": {
    "criteria": {
      "has_stick": "2023-01-15 11:56:41 +0800"
    },
    "done": true
  },
  "tconstruct:recipes/tconstruct/general/tables/cast_chest": {
    "criteria": {
      "has_item": "2023-01-15 12:06:30 +0800"
    },
    "done": true
  },
  "exnihilosequentia:recipes/exnihilosequentia/ens_stone_hammer": {
    "criteria": {
      "has_stick": "2023-01-15 11:56:41 +0800"
    },
    "done": true
  },
  "minecraft:recipes/tools/wooden_hoe": {
    "criteria": {
      "has_stick": "2023-01-15 11:56:41 +0800"
    },
    "done": true
  },
  "tconstruct:tools/material_master": {
    "criteria": {
      "wood": "2023-01-15 11:56:41 +0800",
      "bone": "2023-01-15 11:56:41 +0800"
    },
    "done": false
  },
  "minecraft:recipes/building_blocks/stone_stairs": {
    "criteria": {
      "has_stone": "2023-01-15 11:57:01 +0800"
    },
    "done": true
  },
  "minecraft:recipes/redstone/oak_pressure_plate": {
    "criteria": {
      "has_planks": "2023-01-15 11:56:41 +0800"
    },
    "done": true
  },
  "exnihilosequentia:recipes/exnihilosequentia/ens_wooden_hammer": {
    "criteria": {
      "has_material": "2023-01-15 11:56:41 +0800"
    },
    "done": true
  },
  "tconstruct:smeltery/gold_casting": {
    "criteria": {
      "crafted_cast": "2023-01-15 12:06:30 +0800"
    },
    "done": true
  },
  "exnihilosequentia:recipes/exnihilosequentia/ens_wooden_crook": {
    "criteria": {
      "has_pebble": "2023-01-15 11:56:41 +0800"
    },
    "done": true
  },
  "tinkersurvival:recipes/misc/stick_from_sapling": {
    "criteria": {
      "has_sapling": "2023-01-15 11:59:05 +0800"
    },
    "done": true
  },
  "exnihilosequentia:recipes/exnihilosequentia/ens_diamond_hammer": {
    "criteria": {
      "has_stick": "2023-01-15 11:56:41 +0800"
    },
    "done": true
  },
  "exnihilosequentia:recipes/exnihilosequentia/ens_spruce_crucible": {
    "criteria": {
      "has_logs": "2023-01-15 11:56:41 +0800"
    },
    "done": true
  },
  "minecraft:recipes/food/cooked_salmon": {
    "criteria": {
      "has_salmon": "2023-01-15 11:56:39 +0800"
    },
    "done": true
  },
  "ironchest:recipes/ironchest/upgrades/wood_to_copper_chest_upgrade": {
    "criteria": {
      "has_item": "2023-01-15 11:56:41 +0800"
    },
    "done": true
  },
  "tconstruct:tools/tool_smith": {
    "criteria": {
      "hand_axe": "2023-01-15 11:56:41 +0800"
    },
    "done": false
  },
  "tinkersurvival:getting_wood": {
    "criteria": {
      "has_planks": "2023-01-15 11:56:41 +0800"
    },
    "done": false
  },
  "minecraft:recipes/decorations/oak_fence": {
    "criteria": {
      "has_planks": "2023-01-15 11:56:41 +0800"
    },
    "done": true
  },
  "minecraft:recipes/redstone/stone_button": {
    "criteria": {
      "has_stone": "2023-01-15 11:57:01 +0800"
    },
    "done": true
  },
  "minecraft:recipes/decorations/soul_campfire": {
    "criteria": {
      "has_stick": "2023-01-15 11:56:41 +0800"
    },
    "done": true
  },
  "minecraft:recipes/combat/crossbow": {
    "criteria": {
      "has_stick": "2023-01-15 11:56:41 +0800"
    },
    "done": true
  },
  "minecraft:recipes/decorations/oak_sign": {
    "criteria": {
      "has_planks": "2023-01-15 11:56:41 +0800"
    },
    "done": true
  },
  "minecraft:recipes/redstone/oak_trapdoor": {
    "criteria": {
      "has_planks": "2023-01-15 11:56:41 +0800"
    },
    "done": true
  },
  "minecraft:recipes/building_blocks/oak_slab": {
    "criteria": {
      "has_planks": "2023-01-15 11:56:41 +0800"
    },
    "done": true
  },
  "ae2:main/storage_cell": {
    "criteria": {
      "c1k": "2023-01-15 12:11:17 +0800"
    },
    "done": true
  },
  "DataVersion": 2975
}